<?xml version="1.0" encoding="UTF-8"?>
<templates id="pos_new_view_template" inherit_id="point_of_sale.template" xml:space="preserve">
	<t t-extend="Product" t-inherit="point_of_sale.ProductCard" t-inherit-mode="extension" owl="1">
		<xpath expr="//div[hasclass('product-img')]" position="after">
            <t t-if="env.services.pos.config.display_stock">
				<t t-set="product_val" t-value="props.product"/>
                <t t-if="product_val.type == 'consu'">
                    <t t-if="env.services.pos.config.stock_qty == 'qty_available'">
                        <t t-if="product_val.qty_available > 0">
                            <span class="qty-label" id="stockqty"  >
                                <t t-esc="product_val.qty_available"/>
                            </span>
                        </t>
                        <t t-else="">
                            <span class="qty-label out-of-stock-qty" id="stockqty">
                                <t t-esc="product_val.remain_on_hand_qty"/>
                            </span>
                        </t>
                    </t>

                    <t t-if="env.services.pos.config.stock_qty == 'virtual_available'">
                        <t t-if="props.product.virtual_available > 0">
                            <span class=" qty-label" id="availqty">
                                <t t-esc="product_val.virtual_available"/>
                            </span>
                        </t>
                        <t t-else="">
                            <span class="qty-label out-of-stock-qty" id="availqty">
                                <t t-esc="product_val.virtual_available"/>
                            </span>
                        </t>
                    </t>
                </t>
            </t>
        </xpath>
	</t>
</templates>
