<?xml version="1.0" encoding="UTF-8"?>
<templates id="template" xml:space="preserve">
    <t t-name="Orderline" t-inherit="point_of_sale.Orderline" t-inherit-mode="extension" owl="1">
        <xpath expr="//ul[hasclass('info-list')]" position="inside">
            <ul class="info-list">
                <li class="info orderline-stock_location_name">
                     <b>Location</b> :<t t-esc="line.stock_location_name" />
                </li>
            </ul>
        </xpath>
    </t>
</templates>